# {"code unit definitions": {"code_length": [3.086e+16, "cm"], "code_mass": [4.9157019637146824e+25, "g"], "code_density": [1.6726219e-24, "g/cm**3"], "code_specific_energy": [956277.4378779504, "erg/g"], "code_time": [31557600000000.0, "s"], "code_magnetic": [4.483279099741026e-09, "G"], "code_temperature": [1.0, "K"], "code_pressure": [1.5994905850705492e-18, "dyn/cm**2"], "code_velocity": [977.8943899409335, "cm/s"], "code_metallicity": [1.0, "dimensionless"]}, "field units": {"pressure": "dimensionless", "temperature": "code_temperature", "cooling_time": "dimensionless"}}
#
# name,min,min_xloc,min_yloc,min_zloc,max,max_xloc,max_yloc,max_zloc,mean,standard_deviation
pressure,1.441070709228516e+02,7.812500000000000e-02,2.031250000000000e-01,1.562500000000000e-02,2.754013931249404e+06,7.812500000000000e-02,2.343750000000000e-01,1.562500000000000e-02,6.670702422523499e+04,3.557313416727495e+05
temperature,3.444945335388184e+00,2.343750000000000e-01,2.031250000000000e-01,1.562500000000000e-02,6.376238000000000e+06,1.562500000000000e-02,2.343750000000000e-01,1.562500000000000e-02,2.417788059029467e+05,1.115432838042532e+06
cooling_time,-6.450619921875000e+04,1.562500000000000e-02,2.343750000000000e-01,1.562500000000000e-02,1.856555786132812e+03,4.687500000000000e-02,7.812500000000000e-02,1.562500000000000e-02,-1.407457535870373e+03,8.095077948089729e+03