# {"code unit definitions": {"code_length": [3.086e+16, "cm"], "code_mass": [4.9157019637146824e+25, "g"], "code_density": [1.6726219e-24, "g/cm**3"], "code_specific_energy": [956277.4378779504, "erg/g"], "code_time": [31557600000000.0, "s"], "code_magnetic": [4.483279099741026e-09, "G"], "code_temperature": [1.0, "K"], "code_pressure": [1.5994905850705492e-18, "dyn/cm**2"], "code_velocity": [977.8943899409335, "cm/s"], "code_metallicity": [1.0, "dimensionless"]}, "field units": {"pressure": "dimensionless", "temperature": "code_temperature", "cooling_time": "dimensionless"}}
#
# name,min,min_xloc,min_yloc,min_zloc,max,max_xloc,max_yloc,max_zloc,mean,standard_deviation
pressure,1.520195900675427e+02,7.812500000000000e-02,1.718750000000000e-01,1.562500000000000e-02,2.753947492701290e+06,7.812500000000000e-02,2.343750000000000e-01,1.562500000000000e-02,6.660831661417476e+04,3.557307908963668e+05
temperature,3.330949646514823e+00,2.343750000000000e-01,1.718750000000000e-01,1.562500000000000e-02,6.376232820586985e+06,1.562500000000000e-02,2.343750000000000e-01,1.562500000000000e-02,2.417771759620777e+05,1.115430127734497e+06
cooling_time,-6.450617403727239e+04,1.562500000000000e-02,2.343750000000000e-01,1.562500000000000e-02,3.866436114544078e+03,1.093750000000000e-01,1.093750000000000e-01,1.562500000000000e-02,-1.576307136350389e+03,8.485636211531526e+03
